Product URL,Product Name,Product Price,Rating,Number of Reviews
https://www.amazon.in/FUR-JADEN-Leatherette-Polypropylene-DUFF05/dp/B07M9BRCQ5,Fur Jaden Brown Textured Leatherette Stylish & Spacious Weekender Duffle Bag for Travel,₹899,4.3,6173
https://www.amazon.in/Gear-Classic-Leather-Backpack-LBPCLSLTH0201/dp/B07G4F6XFH,Gear Classic 20L Faux Leather Water Resistant Anti Theft Laptop Bag/Backpack for Men/Women-Brown,₹988,4.4,5850
https://www.amazon.in/gp/bestsellers/luggage/2917507031/ref=sr_bs_2_2917507031_1,Sfane Polyester 23cms Duffle/Shoulder/Gym Bag for Men & Women with Separate Shoe Compartment (Grey),₹387,4.3,7472
https://www.amazon.in/Safari-Backpack-Resistant-Polyester-Travelling/dp/B09B26VHXV,"Safari Flash Casual Backpack, 26 ltr Water Resistant Travel Bags| Weight Polyester Bagpack for Men and Women, Spacious Shoulder Bag for College, Office, Travelling and Camping",₹799,3.8,2894
https://www.amazon.in/POLESTAR-Vintage-Laptop-Backpack-bagpack/dp/B081GSQ9D9,"POLESTAR Vintage 15.6 inch 32 LTR Casual Laptop Backpack/Office Bag/School Bag/College Bag/Business Bag/Unisex Backpack, Water Resistant and Light Weight, 1 year Warranty",₹549,3.9,8964
https://www.amazon.in/Half-Moon-Backpack-Spacious-Multiple/dp/B0C23Z9W18,Half Moon Aztec 37L School Bag Class 5-12 | College Bagpack for Men/College Back pack for Women | 15.6 inch Laptop Bag for Men/Backpack for Men | Spacious & Multiple Pockets,₹649,3.7,85
https://www.amazon.in/ADISA-Casual-Backpack-School-College/dp/B0BX3QFVSM,ADISA 31 Ltrs Casual Backpack School College Bag Pack (Navy Blue),₹399,3.8,95
https://www.amazon.in/Safari-Laptop-Backpack-Resistant-Fabric/dp/B09B25Z8M2,"Safari Quill Laptop Backpack 26 Ltrs Water Resistant Fabric - Black, L (QUILL19CBBLK)",₹899,3.9,933
https://www.amazon.in/ADISA-BP005-Weight-Casual-Backpack/dp/B07F3X45WZ,ADISA Light Weight Laptop Backpack 32 Ltrs,₹499,4.0,5965
https://www.amazon.in/Safari-Laptop-Backpack-Resistant-Fabric/dp/B09B28TKLG,"Safari Quill Laptop Backpack 26 Ltrs Water Resistant Fabric - Blue, L (QUILL19CBBLU)",₹899,4.0,680
https://www.amazon.in/Safari-Laptop-Backpack-Compartments-Resistant/dp/B09B27S9SG,"Safari Tribe 35 Ltrs Large Laptop Backpack with 3 Compartments, Water Resistant Fabric - Black (TRIBE19CBBLK)","₹1,099",3.8,1573
https://www.amazon.in/Wesley-Milestone-Waterproof-Backpack-Business/dp/B07PLKV6D1,Wesley Milestone 15.6 inch 25 L Casual Waterproof Laptop Backpack/Office Bag/School Bag/College Bag/Business Bag/Unisex Travel Backpack,₹448,4.3,12995
https://www.amazon.in/Half-Moon-Resistant-Backpack-Compartment/dp/B0BLVQ9NTD,Half Moon Strike 35L Unisex Spacious School/Laptop/College/Office Travel Backpack Bag for Men Women Boys & Girls with 15.6 inch Padded Laptop Compartment & Multiple Pockets,₹699,3.8,537
https://www.amazon.in/Half-Moon-Backpack-Luggage-Compartment/dp/B09VCLZ3K4,Half Moon Large 37L Laptop Bag Backpack for menं Women Boys and Girls Luggage Travel Bags with 17.3 inches Laptop Compartment & Rain Cover,₹849,3.9,3066
https://www.amazon.in/GEAR-Black-Blue-Backpack-years/dp/B019HA8AYG,Gear CarryOn 16L Foldable Water Resistant School Bag//Backpack/College Bag for Men/Women - Blue Black,₹199,3.7,6684
https://www.amazon.in/F-Gear-Luxur-Brown-Backpack/dp/B01F7AX9ZA,F Gear Luxur Brown 25 liter Laptop Backpack (2404),"₹1,099",4.4,16897
https://www.amazon.in/Nivia-6853-Polyester-Basic-Duffle/dp/B07FWQ9HRV,NIVIA Basic Duffle Polyester Bag/Gym Bags/Adjustable Shoulder Bag for Men/Duffle Gym Bags for Men/Fitness Bag/Carry Bags/Sports & Travel Bag/Sports Kit/Duffle Bags Travel,₹219,4.0,3625
https://www.amazon.in/NORTH-ZONE-Waterproof-Backpack-Dimensions/dp/B0BS6QM2GD,NORTH ZONE Casual Waterproof Laptop Backpack/Office Bag/School Bag/College Bag/Business Bag/Travel Backpack (Dimensions:13x18 inches) (Compatible with 39.62cm(15.6inch laptop) 30 L,₹569,4.0,427
https://www.amazon.in/TRUE-Emperor-Anti-Theft-backpack-charging/dp/B0BYB631NR,"TRUE HUMAN® Emperor Anti-Theft Pocket backpack With USB charging Port Laptop,office,college,travel bag for men and women(Epower)",₹680,3.6,130
https://www.amazon.in/NORTH-ZONE-Lightweight-Backpacks-Stylish/dp/B0BL3SPN16,NORTH ZONE Lightweight school bags Backpacks for Boys Girls Stylish men and women Casual Travel Laptop Bag College office,₹568,3.9,788
https://www.amazon.in/Arctic-Fox-Liters-String-Backpack/dp/B08L6Q9V1H,Arctic Fox 15 Liters Draw String Bag Lavender Backpack,₹229,4.3,3336
https://www.amazon.in/Lenovo-Laptop-Backpack-15-6-Inch-GX40Q17225/dp/B075Y72PHZ,"Lenovo 15.6"" Casual Backpack B210",₹749,4.2,27709
https://www.amazon.in/WILDHORN-Backpack-Compartment-Business-Stitching/dp/B09QL66G55,"WILDHORN 31L Laptop Backpack for Men/Women I Fits upto 15.6"" Laptop I Waterproof I Travel/Business/College Bookbags",₹599,4.0,1391
https://www.amazon.in/Wildcraft-Packs18-Laptop-Backpack-Streak/dp/B07FC4D9B5,Wildcraft Work Packs'18 21 Ltrs Black Laptop Backpack (Streak Plus),"₹1,534",4.4,1959
https://www.amazon.in/Safari-Overnighter-Resistant-Travelling-All-Purpose/dp/B097JM98M1,"Safari Seek 32 Ltrs Overnighter Travel Laptop Backpack (Blue), Water Resistant Spacious Bag for Travelling and Camping, All-Purpose Bag for Business & Leisure","₹1,899",4.3,148
https://www.amazon.in/NORTH-ZONE-Waterproof-Backpack-Dimensions/dp/B0BS6QQZYN,NORTH ZONE Casual Waterproof Laptop Backpack/Office Bag/School Bag/College Bag/Business Bag/Travel Backpack (Dimensions:13x18 inches) (Compatible with 39.62cm(15.6inch laptop) 30 L,₹569,4.0,427
https://www.amazon.in/DZert-School-Polyester-Backpack-White/dp/B07GXYHFCY,DZert Clasy Laptop Bag College Bag for Boys Girls 21 L Blue White,₹339,3.8,2460
https://www.amazon.in/ADISA-Laptop-Backpack-Office-College/dp/B0BPTV3795,ADISA 32L Large Laptop Backpack Office Bag College Travel Back Pack with rain Cover (Black),₹599,3.8,223
https://www.amazon.in/School-school-partition-Collage-Backpack/dp/B09NNYCQ1Q,URBAN CARRIER School Bag For girls school bags for boys Class 5-10 Large 4 partition 45 L Laptop Collage Office Travel Unisex Backpack,₹431,3.6,855
https://www.amazon.in/Fur-Jaden-Charging-Waterproof-BM36_BlueZip/dp/B07MXM5M99,"Fur Jaden 15.6 Inch Laptop Backpack 25 LTR Bag for School, College and Office with USB Charging Port",₹479,3.9,10258
https://www.amazon.in/BennettTM-Mystic-Shoulder-Messenger-Repellent/dp/B09321GJXZ,Bennett™ Mystic 15.6 inch (39.6cm) Laptop Briefcase Shoulder Sling Office Business Professional Travel Messenger Bag for Men and Women Water Repellent Formal Executive Bags (Grey) 6 Months Warranty,₹512,4.0,6055
https://www.amazon.in/Zipline-Nexa-Resistant-Bagpack-Backpack/dp/B08WQ668WJ,Zipline Unisex Casual Polyester 36 L Backpack School Bag Women Men Boys Girls Children Daypack College Bag Book School Sports Bag,₹843,3.7,904
https://www.amazon.in/FUR-JADEN-Backpack-Accessories-Organiser/dp/B0BSHBC51P,"FUR JADEN 15.6 Inch Smart Laptop Backpack Bag With USB Charging Port, Anti Theft Pocket and Accessories Organiser for Men Women Boys Girls","₹1,329",4.2,502
https://www.amazon.in/DZert-School-Plush-Backpacks-Cartoon/dp/B08BCP78YF,DZert Kids School Bag Soft Plush Backpacks Cartoon Boys Girls Baby (2-5 Years),₹249,3.7,971
https://www.amazon.in/FUR-JADEN-Waterproof-Charging-BM25_Grey/dp/B07FM9BSKW,FUR JADEN 15.6 Anti Theft Laptop Backpack with USB Charging Port Unisex Bag for College Office Suitable for Men Women,₹749,4.0,6102
https://www.amazon.in/Number-Backpack-Compartment-Charging-Organizer/dp/B09VTC876Z,"FUR JADEN Anti Theft Number Lock Backpack Bag with 15.6 Inch Laptop Compartment, USB Charging Port & Organizer Pocket for Men Women Boys Girls",₹670,4.0,4631
https://www.amazon.in/GoTrippin-Camping-Outdoors-Polyester-Adjustable/dp/B088LHS5LP,"GoTrippin Waist Bags for Men Women- Premium Stitching, Branded Zippers, Waterproof pocket, RFID safe- Large Fanny pack for Hiking Travel Camping Running Sports Outdoors, Money Belt with Adjustable Strap (Polyester,Black)",₹999,4.5,2122
https://www.amazon.in/Backpack-Business-Scratch-resistant-Multiple-Comfortable/dp/B0B6FNPN76,"Ah Arctic Hunter Premium Business Backpack For Men Office, Travel With 15.6 Inch Laptop Pocket Water/Scratch-Resistant Multiple Pocket Padded College Backpack","₹5,699",4.4,129
https://www.amazon.in/PUMA-Gym-Bag-IND-Fig-CASTLEROCK/dp/B089T98TKG,Puma Unisex Gym Bag IND,₹619,4.0,460
https://www.amazon.in/Half-Moon-Resistant-Backpack-Compartment/dp/B0BHX7GY16,Half Moon Large 37L Laptop Bag Backpack for menं Women Boys and Girls Luggage Travel Bags with 17.3 inches Laptop Compartment & Rain Cover,₹849,3.9,3066
https://www.amazon.in/Half-Moon-Waterproof-Laptop-Backpack/dp/B09QM9N1B3,Half Moon 30L Waterproof 15.6 inch Laptop Office School College Bag Backpack for Men Women Boys & Girls,₹589,3.7,370
https://www.amazon.in/Gear-DOUBLE-DECKER-Resistant-Backpack/dp/B0BTJ3WTMV,Gear DOUBLE DECKER 31L Water Resistant Laptop Bag/Backpack/Office Bag for Men/Women (Black),"₹1,359",4.0,18
https://www.amazon.in/Sfane-Women-Trendy-Black-Duffel/dp/B07GCR84D9,"Sfane Polyester 9.05 Black Men & Women Trendy Black Sports Duffle Gym Bag, Shoulder Bag",₹327,4.2,1213
https://www.amazon.in/Red-Lemon-Polyester-15-6-inch-Waterproof/dp/B07XYY2FW4,Red Lemon Polyester Bange Series 15.6inch Laptop Bag for Men 35 LTR Capacity Daily Office Bag for Men and Women Black (1903),"₹3,299",4.3,176
https://www.amazon.in/AirCase-C25-Messenger-Shoulder-Compartments/dp/B07X6DV3VM,"AirCase Office Messenger Sling Bag fits upto 15.6"" Laptop/Macbook, Detachable Shoulder Strap, Waterproof, Shockproof, Carry Handle with Spacious Pockets, For Men & Women, Blue- with Warranty",₹949,3.9,1333
https://www.amazon.in/Cosmus-Casual-Backpack-Charger-College/dp/B08D7D21FV,Cosmus Vogue Casual Laptop Backpack with USB Charger Port 44cm 26 Litre Grey College Bag,"₹1,358",4.2,1406
https://www.amazon.in/POLESTAR-Casual-bagpack-School-Backpack/dp/B07PQQ8M7B,"POLESTAR Noble 32 L Bag for College, School, Office, Casual Multipurpose Backpack with 15.6"" Laptop Compartment, Water Resistant, Unisex Design, Stylish & Durable, 1 Year Warranty",₹579,3.9,17661
https://www.amazon.in/Shoulder-Lightweight-Duffle-Weekend-Blue-Orange/dp/B09139DYF1,"Aurion Vista Polyester Sports Gym Duffle Bag with Wet Pocket and Shoe Compartment - 1Pc (Blue, 24 Cms) | Lightweight Duffle Bags | Travel Duffel Backpack for Men and Women | Camping | Swimming | Yoga",₹349,4.0,1072
https://www.amazon.in/Wildcraft-Turnaround-Polyester-Laptop-8903340000000/dp/B012D4QWES,Wildcraft Turnaround Polyester 14 inch 27 Ltrs Blue Laptop Bag (8903340000000),"₹1,796",4.3,3318
https://www.amazon.in/American-Tourister-FJ9-01-002/dp/B07N19CXKM,American Tourister Ohio Polyester 65 Cms Wheel Travel Duffle Bag (Blue),"₹1,999",4.2,1263
https://www.amazon.in/Safari-Polyester-Cms-Travel-KRYPTON17DFBLU_Blue/dp/B097L2RSF1,Safari Polyester 24 Cms Travel Bag(KRYPTON17DFBLU_Blue),₹499,3.8,37
https://www.amazon.in/Cosmus-Casual-Backpack-Charger-College/dp/B09HX54TGF,COSMUS Vogue Casual Laptop Backpack with USB Charger Port 46cm 26 Litre Maroon College Bag,"₹1,261",4.2,1406
https://www.amazon.in/COSMUS-Multipurpose-Backpack-Bag-compartment/dp/B078JVT384,"COSMUS Madison waterproof Multipurpose Backpack With laptop compartment , 33L","₹1,375",4.2,2265
https://www.amazon.in/ADISA-Backpack-Office-College-Travel/dp/B09Y8FMDVB,ADISA Backpack Office Bag College Travel Back Pack 32 Ltrs (Navy Blue),₹499,4.1,192
https://www.amazon.in/Safari-Formal-Backpack-Anti-Theft-VAULT19CBBLK/dp/B07XSTR69N,"Safari 48 Cms Black Formal/Office/Laptop Backpack With Anti-Theft, Lock, Usb And Rfid (Vault19Cbblk)","₹1,197",4.0,870
https://www.amazon.in/SACCI-MUCCI-Allamanda-Lightweight-SM1-10_magnolia/dp/B09TDNZ88Z,"SACCI MUCCI Women's Rainbow Sling Bag, Handmade Bags for Females - 100% Vegan Leather and Coated Duck canvas Fabric, Lightweight and Durable",₹421,4.2,855
https://www.amazon.in/DZert-Kids-Grey-School-Years/dp/B07QD1M3R9,DZert Kids School Bag Soft Plush Backpacks Cartoon Boys Girls Baby (2-5 Years),₹225,3.7,3142
https://www.amazon.in/Business-Casual-Resistant-Laptop-Backpack/dp/B0862V2GKH,MI Business Casual 21L Water Resistant Laptop Backpack,₹949,4.4,1351
https://www.amazon.in/PUMA-Laptop-Backpack-IND-Black-CASTLEROCK/dp/B08BV2S9K1,PUMA Laptop Backpack IND II Black-CASTLEROCK,"₹1,149",4.1,74
https://www.amazon.in/Fur-Jaden-Charging-Waterproof-BM36_BlackBlue/dp/B07MXL9KYG,"FUR JADEN 15.6 Inch Laptop Backpack 25 LTR Bag for School, College and Office with USB Charging Port Unisex Backpack",₹499,3.9,10258
https://www.amazon.in/Storite-Leather-Laptop-Bag-inch/dp/B081GQJLD2,"Storite PU Leather 14 inch Laptop Messenger Organizer Bag/Shoulder Sling Office Bag for Men, Notebook, Tablet Carrying Handbags For Women - Light Brown",₹999,4.0,1614
https://www.amazon.in/Dynotrek-Sack-pack-Waterproof-Chromebook-Charcoal/dp/B09TNTPK6G,"Dynotrek 13 14 Upto 15.6"" Inch Laptop Casual Sack-pack Rucksack Travel Backpack With USB Charging Port For Men & Women Waterproof Backpack Suitable for Chromebook DT02SCB",₹999,3.8,1141
https://www.amazon.in/Genie-Flamenco2-Backpack-Compatible-Resistant/dp/B08YF1XJXY,"Genie Flamenco Laptop Backpack for Women, 16 inches Office Bag, Sky Blue Stylish and Trendy Bag for Office and College",₹719,4.4,1578
https://www.amazon.in/Wildcraft-Polyester-Black-Laptop-8903338054290/dp/B012D4QKHW,Wildcraft 44 cms Polyester Black Laptop Bag (8903338054290),"₹1,549",4.3,667
